shot_id,shot_made_flag
1,0.43
8,0.36
17,0.54
20,0.54
33,0.43
34,0.58
35,0.5
36,0.54
37,0.55
38,0.32
45,0.41
50,0.33
55,0.44
60,0.4
66,0.27
67,0.25
71,0.45
80,0.16
85,0.24
86,0.74
95,0.62
104,0.51
113,0.5
123,0.33
126,0.86
133,0.43
141,0.3
144,0.51
150,0.23
152,0.4
153,0.22
156,0.52
159,0.94
165,0.64
172,0.55
182,0.82
192,0.57
193,0.23
196,0.56
202,0.29
210,0.37
211,0.48
228,0.86
257,0.49
260,0.47
264,0.46
267,0.81
279,0.93
282,0.61
293,0.3
299,0.82
300,0.73
301,0.76
317,0.62
327,0.41
328,0.32
335,0.5
346,0.62
348,0.23
365,0.47
390,0.79
391,0.68
392,0.8
397,0.58
418,0.6
428,0.49
434,0.79
439,0.74
440,0.46
456,0.6
459,0.3
472,0.42
480,0.26
491,0.42
497,0.52
509,0.5
511,0.52
523,0.35
533,0.55
544,0.51
546,0.44
555,0.69
558,0.27
560,0.41
573,0.41
591,0.52
596,0.35
597,0.58
601,0.66
605,0.38
617,0.29
628,0.33
634,0.49
646,0.32
649,0.66
651,0.65
654,0.73
656,0.45
657,0.57
669,0.37
670,0.93
693,0.78
694,0.5
699,0.42
711,0.48
718,0.57
722,0.29
723,0.32
725,0.85
734,0.44
735,0.6
737,0.6
746,0.3
747,0.61
766,0.23
767,0.48
771,0.23
773,0.36
774,0.36
783,0.3
784,0.35
789,0.29
792,0.42
804,0.33
809,0.6
812,0.33
813,0.52
817,0.53
820,0.3
825,0.59
826,0.53
829,0.35
855,0.45
859,0.85
862,0.27
870,0.17
876,0.4
880,0.31
886,0.98
889,0.84
891,0.5
897,0.95
902,0.23
903,0.42
908,0.4
909,0.56
920,0.26
922,0.43
924,0.56
932,0.47
934,0.23
937,0.41
941,0.4
943,0.41
950,0.6
952,0.2
954,0.9
963,0.31
975,0.39
979,0.62
981,0.36
983,0.31
985,0.56
989,0.62
995,0.42
998,0.25
1008,0.13
1019,0.75
1023,0.5
1026,0.38
1029,0.6
1034,0.82
1036,0.78
1038,0.23
1039,0.39
1051,0.54
1052,0.23
1066,0.36
1087,0.43
1092,0.29
1094,0.81
1098,0.47
1099,0.59
1102,0.4
1118,0.44
1131,0.27
1133,0.63
1135,0.88
1138,0.48
1139,0.81
1142,0.37
1151,0.32
1152,0.44
1155,0.56
1165,0.45
1167,0.74
1172,0.42
1174,0.76
1180,0.36
1200,0.56
1202,0.44
1227,0.59
1228,0.72
1229,0.26
1237,0.66
1241,0.4
1256,0.13
1279,0.42
1293,0.23
1295,0.33
1319,0.79
1320,0.3
1321,0.9
1322,0.76
1334,0.24
1351,0.71
1373,0.56
1375,0.4
1380,0.47
1382,0.62
1385,0.58
1399,0.33
1403,0.47
1428,0.22
1434,0.41
1444,0.82
1448,0.22
1466,0.81
1476,0.43
1478,0.52
1485,0.42
1491,0.47
1494,0.49
1500,0.39
1501,0.77
1503,0.35
1519,0.67
1524,0.34
1529,0.66
1533,0.55
1538,0.95
1539,0.5
1546,0.43
1555,0.3
1559,0.43
1563,0.84
1565,0.79
1574,0.32
1591,0.42
1594,0.15
1605,0.3
1611,0.59
1614,0.34
1620,0.56
1626,0.29
1630,0.44
1632,0.22
1634,0.27
1643,0.46
1651,0.33
1655,0.38
1658,0.27
1659,0.38
1665,0.23
1675,0.39
1680,0.81
1690,0.38
1696,0.29
1714,0.23
1721,0.55
1726,0.54
1728,0.25
1734,0.34
1735,0.35
1740,0.48
1744,0.83
1747,0.42
1752,0.28
1763,0.87
1765,0.71
1769,0.21
1785,0.76
1787,0.39
1788,0.6
1793,0.4
1800,0.45
1825,0.41
1826,0.8
1834,0.25
1843,0.42
1844,0.41
1848,0.26
1849,0.41
1860,0.37
1863,0.35
1875,0.71
1883,0.48
1890,0.35
1892,0.39
1893,0.48
1897,0.5
1905,0.56
1908,0.61
1931,0.34
1940,0.76
1943,0.37
1947,0.12
1965,0.69
1967,0.25
1968,0.5
1972,0.77
1982,0.31
1985,0.25
2005,0.82
2010,0.74
2021,0.41
2024,0.79
2036,0.46
2043,0.75
2047,0.75
2049,0.61
2055,0.34
2065,0.67
2066,0.4
2070,0.23
2077,0.88
2085,0.71
2095,0.68
2097,0.75
2108,0.43
2112,0.76
2113,0.57
2122,0.24
2139,0.5
2144,0.69
2146,0.17
2148,0.2
2149,0.63
2157,0.19
2159,0.42
2168,0.46
2176,0.45
2178,0.6
2181,0.25
2187,0.64
2188,0.33
2190,0.25
2194,0.27
2197,0.29
2214,0.36
2217,0.26
2222,0.53
2223,0.37
2226,0.25
2230,0.5
2240,0.22
2247,0.41
2250,0.46
2259,0.64
2262,0.49
2266,0.34
2305,0.28
2310,0.32
2313,0.43
2319,0.78
2320,0.78
2345,0.27
2350,0.75
2356,0.49
2360,0.65
2370,0.43
2386,0.26
2398,0.47
2414,0.67
2435,0.69
2439,0.33
2446,0.8
2458,0.34
2465,0.14
2466,0.37
2470,0.26
2495,0.77
2501,0.2
2507,0.21
2533,0.11
2537,0.5
2538,0.23
2541,0.22
2542,0.71
2544,0.71
2554,0.22
2555,0.15
2565,0.19
2575,0.67
2586,0.57
2588,0.54
2594,0.82
2617,0.42
2618,0.28
2623,0.96
2631,0.63
2640,0.18
2642,0.81
2647,0.47
2663,0.57
2664,0.26
2676,0.46
2680,0.9
2681,0.31
2691,0.34
2693,0.38
2695,0.44
2704,0.18
2708,0.17
2709,0.91
2717,0.74
2722,0.21
2728,0.46
2732,0.75
2743,0.29
2752,0.38
2757,0.56
2761,0.26
2769,0.2
2771,0.28
2774,0.3
2776,0.38
2781,0.42
2793,0.15
2799,0.36
2803,0.46
2811,0.43
2818,0.28
2824,0.57
2828,0.59
2829,0.21
2830,0.3
2842,0.74
2847,0.75
2848,0.26
2868,0.4
2870,0.32
2885,0.47
2886,0.31
2889,0.69
2903,0.44
2904,0.51
2918,0.73
2919,0.38
2922,0.33
2923,0.35
2931,0.39
2945,0.46
2955,0.41
2957,0.54
2960,0.6
2963,0.37
2966,0.82
2972,0.76
2974,0.26
2982,0.33
2984,0.67
3016,0.25
3021,0.18
3023,0.71
3025,0.37
3029,0.33
3034,0.58
3038,0.29
3040,0.51
3051,0.82
3062,0.34
3069,0.45
3071,0.46
3076,0.93
3079,0.27
3081,0.39
3082,0.32
3084,0.82
3098,0.24
3104,0.21
3105,0.4
3114,0.76
3118,0.51
3122,0.38
3132,0.22
3138,0.39
3141,0.4
3156,0.64
3162,0.58
3167,0.43
3170,0.42
3171,0.3
3172,0.36
3176,0.94
3180,0.51
3189,0.5
3198,0.33
3206,0.47
3215,0.28
3222,0.81
3228,0.37
3229,0.3
3232,0.39
3233,0.16
3238,0.37
3256,0.46
3264,0.52
3273,0.41
3275,0.54
3285,0.57
3289,0.17
3294,0.38
3306,0.46
3311,0.51
3318,0.37
3322,0.61
3324,0.29
3334,0.67
3341,0.55
3345,0.31
3346,0.99
3352,0.14
3368,0.31
3371,0.18
3372,0.35
3375,0.42
3384,0.3
3387,0.32
3393,0.46
3406,0.44
3411,0.63
3412,0.42
3414,0.49
3417,0.58
3420,0.78
3423,0.84
3436,0.49
3438,0.75
3442,0.24
3443,0.33
3451,0.22
3461,0.5
3489,0.34
3491,0.45
3510,0.57
3515,0.59
3527,0.37
3530,0.14
3540,0.33
3582,0.25
3604,0.27
3605,0.47
3609,0.27
3624,0.18
3628,0.79
3630,0.27
3641,0.22
3642,0.27
3648,0.45
3650,0.97
3652,0.8
3660,0.42
3664,0.17
3670,0.24
3672,0.35
3680,0.44
3682,0.96
3685,0.68
3686,0.35
3689,0.31
3705,0.29
3712,0.29
3713,0.37
3719,0.31
3721,0.27
3723,0.7
3724,0.23
3727,0.35
3733,0.44
3734,0.43
3742,0.53
3770,0.15
3777,0.28
3778,0.43
3780,0.47
3783,0.54
3784,0.35
3788,0.37
3790,0.42
3794,0.24
3795,0.44
3796,0.58
3801,0.63
3806,0.36
3813,0.6
3814,0.46
3818,0.3
3824,0.43
3836,0.39
3853,0.6
3855,0.33
3858,0.24
3861,0.6
3866,0.2
3870,0.54
3874,0.92
3876,0.27
3878,0.15
3890,0.72
3900,0.95
3904,0.32
3906,0.39
3907,0.39
3908,0.62
3912,0.21
3918,0.96
3923,0.99
3924,0.56
3925,0.34
3927,0.73
3955,0.95
3964,0.47
3969,0.26
3974,0.7
3976,0.15
3984,0.39
3991,0.43
3993,0.99
4009,0.57
4011,0.54
4020,0.39
4033,0.52
4041,0.44
4045,0.99
4052,0.45
4055,0.44
4056,0.52
4057,0.4
4067,0.98
4069,0.6
4077,0.51
4094,0.46
4095,0.46
4100,0.58
4119,0.33
4130,0.55
4131,0.37
4132,0.75
4134,0.47
4137,0.8
4138,0.24
4143,0.36
4145,0.32
4148,0.33
4163,0.17
4166,0.44
4169,0.8
4170,0.5
4174,0.38
4180,0.36
4199,0.97
4201,0.42
4203,0.28
4210,0.17
4211,0.39
4213,0.94
4225,0.44
4235,0.4
4242,0.39
4245,0.45
4250,0.54
4252,0.22
4254,0.14
4263,0.23
4264,0.32
4268,0.25
4270,0.46
4282,0.68
4283,0.29
4291,0.38
4304,0.43
4306,0.4
4309,0.21
4310,0.43
4313,0.32
4314,0.56
4315,0.37
4321,0.44
4324,0.16
4325,0.52
4328,0.35
4329,0.36
4332,0.31
4337,0.42
4342,0.47
4344,0.34
4352,0.6
4355,0.42
4366,0.23
4371,0.59
4372,0.68
4376,0.35
4384,0.3
4387,0.45
4389,0.54
4390,0.41
4406,0.44
4407,0.8
4409,0.99
4410,0.8
4424,0.3
4434,0.26
4452,0.27
4460,0.38
4470,0.73
4480,0.44
4496,0.88
4503,0.43
4512,0.41
4518,0.77
4519,0.43
4522,0.29
4525,0.35
4537,0.45
4546,0.16
4547,0.97
4553,0.42
4556,0.61
4558,0.66
4563,0.24
4568,0.35
4574,0.63
4578,0.14
4587,0.38
4592,0.72
4610,0.41
4615,0.19
4619,0.43
4620,0.56
4625,0.73
4635,0.51
4636,0.62
4641,0.37
4650,0.44
4653,0.95
4665,0.35
4668,0.95
4669,0.36
4670,0.4
4674,0.26
4675,0.49
4676,0.5
4679,0.24
4680,0.92
4686,0.3
4699,0.56
4713,0.48
4718,0.3
4721,0.33
4722,0.32
4724,0.26
4730,0.76
4731,0.26
4735,0.3
4743,0.41
4745,0.2
4746,0.68
4747,0.3
4748,0.28
4769,0.42
4771,0.36
4774,0.44
4784,0.44
4797,0.45
4801,0.71
4804,0.27
4820,0.15
4833,0.28
4834,0.27
4851,0.21
4859,0.39
4860,1.0
4863,0.54
4873,0.5
4881,0.36
4892,0.28
4908,0.52
4911,0.33
4915,0.17
4922,0.21
4929,0.49
4936,0.36
4939,0.47
4951,0.23
4956,0.21
4961,0.45
4964,0.26
4981,0.42
4991,1.0
4992,0.21
4997,0.38
5004,0.42
5010,0.38
5012,0.26
5015,0.16
5020,0.41
5030,0.31
5051,0.93
5052,0.39
5057,0.76
5058,0.15
5060,0.54
5061,0.3
5064,0.58
5078,0.46
5080,0.46
5088,0.6
5089,0.55
5090,0.41
5103,0.82
5108,0.43
5114,0.27
5115,0.2
5124,0.64
5137,0.3
5139,0.22
5144,0.22
5149,0.73
5157,0.4
5163,0.28
5174,0.37
5176,0.33
5179,0.12
5186,0.08
5203,0.72
5204,0.81
5206,0.11
5207,0.61
5220,0.33
5221,0.49
5224,0.52
5227,0.17
5229,0.13
5232,0.91
5240,0.75
5242,0.75
5243,0.41
5245,0.63
5248,0.28
5249,0.32
5254,0.22
5269,0.21
5272,0.38
5276,0.44
5286,0.82
5290,0.14
5308,0.29
5316,0.33
5318,0.38
5319,0.38
5320,0.51
5322,0.37
5324,0.36
5331,0.73
5336,0.87
5344,0.31
5354,0.31
5356,0.04
5358,0.29
5361,0.45
5365,0.87
5370,0.5
5376,0.43
5383,0.3
5384,0.36
5385,0.36
5393,0.8
5397,0.27
5398,0.47
5402,0.42
5407,0.5
5409,0.48
5425,0.1
5428,0.61
5430,0.29
5442,0.39
5447,0.21
5470,0.38
5485,0.28
5493,0.17
5502,0.78
5504,0.43
5517,0.21
5522,0.4
5527,0.83
5528,0.19
5536,0.66
5545,0.17
5576,0.22
5577,0.37
5592,0.24
5594,0.38
5595,0.25
5596,0.4
5599,0.49
5606,0.36
5617,0.46
5625,0.57
5626,0.29
5627,0.75
5642,0.65
5659,0.95
5664,0.92
5666,0.57
5671,0.35
5674,0.41
5677,0.38
5681,0.33
5683,0.03
5700,0.25
5713,0.51
5715,0.45
5718,0.47
5726,0.54
5738,0.39
5741,0.56
5743,0.73
5753,0.27
5761,0.34
5789,0.58
5797,0.37
5803,0.39
5810,0.48
5813,0.48
5817,0.44
5818,0.28
5822,0.31
5829,0.4
5846,0.27
5847,0.06
5854,0.09
5858,0.33
5863,0.38
5869,0.16
5870,0.29
5876,0.15
5881,0.15
5901,0.24
5922,0.52
5928,0.83
5933,0.4
5934,0.86
5946,0.4
5951,0.18
5955,0.28
5956,0.91
5965,0.5
5972,0.51
5981,0.11
5997,0.46
6005,0.26
6009,0.15
6010,0.29
6015,0.24
6039,0.23
6047,0.45
6051,0.01
6056,0.3
6061,0.3
6064,0.08
6065,0.62
6070,0.47
6085,0.67
6086,0.1
6091,0.54
6097,0.27
6099,0.13
6104,0.61
6108,0.33
6109,0.32
6124,0.61
6142,0.8
6144,0.41
6150,0.31
6154,0.22
6155,0.57
6156,0.97
6158,0.32
6159,0.97
6169,0.84
6170,0.0
6179,0.37
6184,0.67
6186,0.78
6204,0.15
6230,0.25
6231,0.39
6232,0.93
6235,0.52
6237,0.77
6239,0.42
6263,0.17
6265,0.25
6270,0.51
6271,0.18
6278,0.34
6279,0.71
6288,0.23
6294,0.42
6295,0.21
6302,0.82
6306,0.37
6322,0.77
6324,0.56
6327,0.22
6331,0.07
6334,0.27
6338,0.72
6339,0.6
6362,0.29
6372,0.24
6375,0.71
6393,0.15
6394,0.26
6405,0.97
6406,0.72
6416,0.68
6421,0.21
6422,0.19
6440,1.0
6457,0.87
6460,0.62
6463,0.29
6474,0.77
6476,0.3
6477,0.39
6482,0.64
6488,0.23
6489,0.22
6494,0.31
6499,0.69
6507,0.25
6524,0.38
6527,0.45
6531,0.36
6536,0.58
6538,0.1
6542,0.75
6565,0.15
6584,0.35
6588,0.52
6597,0.34
6603,0.69
6609,0.78
6613,0.89
6622,0.19
6630,0.35
6637,0.25
6639,0.92
6640,0.31
6646,0.44
6647,0.42
6648,0.99
6669,0.27
6680,0.25
6681,0.31
6684,0.1
6693,0.32
6694,0.49
6704,0.31
6706,0.5
6710,0.54
6713,0.45
6718,0.22
6732,0.59
6737,0.54
6739,0.36
6742,0.25
6746,0.71
6753,0.2
6771,0.16
6784,0.24
6790,0.93
6795,0.46
6807,0.16
6808,0.33
6818,0.42
6823,0.48
6830,0.6
6831,0.37
6832,0.32
6836,0.49
6846,0.27
6850,0.55
6854,0.33
6868,0.9
6876,0.61
6877,0.72
6881,0.16
6882,0.26
6884,0.41
6886,0.29
6901,0.46
6910,0.69
6913,0.36
6914,0.85
6918,0.68
6930,0.48
6941,0.26
6944,0.63
6945,0.32
6947,0.53
6949,0.65
6952,0.55
6963,0.63
6964,0.66
6972,0.79
6979,0.57
6981,0.42
6988,0.84
6990,0.36
6998,0.45
7004,0.45
7016,0.63
7027,0.41
7042,0.19
7056,0.37
7061,0.26
7069,0.74
7071,0.38
7088,0.59
7099,0.42
7108,0.3
7121,0.86
7125,0.91
7136,0.72
7149,0.73
7150,0.69
7151,0.25
7167,0.31
7177,0.65
7178,0.27
7183,0.71
7186,0.35
7190,0.19
7201,0.37
7202,0.37
7207,0.41
7213,0.38
7224,0.86
7225,0.33
7233,0.47
7239,0.39
7246,0.14
7248,0.3
7261,0.22
7264,0.48
7266,0.25
7274,0.14
7279,0.27
7293,0.48
7315,0.34
7322,0.3
7326,0.78
7341,0.43
7363,0.51
7365,0.8
7371,0.36
7377,0.4
7393,0.83
7405,0.18
7410,0.21
7434,0.73
7438,0.49
7447,0.92
7450,0.7
7452,0.29
7453,0.36
7455,0.41
7456,0.66
7457,0.96
7466,0.31
7470,0.67
7474,0.42
7487,0.7
7488,0.39
7492,0.69
7496,0.4
7501,0.61
7505,0.66
7512,0.24
7526,0.58
7536,0.74
7538,0.65
7539,0.31
7544,0.81
7554,0.71
7564,0.37
7566,0.84
7580,0.75
7581,0.75
7584,0.3
7587,0.46
7589,0.39
7590,0.56
7594,0.61
7597,0.46
7602,0.66
7603,0.29
7605,0.7
7609,0.48
7613,0.35
7619,0.43
7625,0.32
7626,0.48
7636,0.34
7639,0.73
7641,0.28
7643,0.87
7644,0.29
7657,0.44
7661,0.76
7666,0.38
7673,0.38
7683,0.49
7685,0.43
7699,0.44
7704,0.64
7705,0.63
7708,0.64
7728,0.26
7733,0.26
7741,0.41
7743,0.43
7745,0.32
7754,0.69
7756,0.24
7757,0.53
7770,0.62
7773,0.92
7774,0.38
7776,0.53
7777,0.15
7778,0.33
7781,0.16
7784,0.32
7789,0.79
7794,0.66
7799,0.38
7801,0.74
7818,0.16
7823,0.28
7828,0.4
7832,0.36
7839,0.31
7851,0.8
7856,0.42
7868,0.39
7869,0.37
7872,0.52
7874,0.34
7878,0.32
7888,0.43
7913,0.28
7923,0.46
7925,0.22
7926,0.69
7938,0.31
7942,0.66
7945,0.39
7954,0.78
7963,0.22
7969,0.46
7970,0.55
7977,0.56
7981,0.26
7990,0.26
8020,0.64
8023,0.41
8025,0.68
8034,0.38
8039,0.51
8046,0.41
8051,0.43
8055,0.36
8060,0.43
8063,0.46
8073,1.0
8074,0.42
8076,0.85
8080,0.31
8088,0.32
8102,0.64
8103,0.47
8104,0.42
8105,0.33
8109,0.31
8115,0.35
8121,0.7
8126,0.31
8135,0.76
8153,0.84
8156,0.37
8160,0.56
8161,0.36
8162,0.41
8171,0.61
8181,0.61
8183,0.41
8185,0.15
8191,0.95
8203,0.31
8204,0.71
8207,0.76
8208,0.33
8209,0.74
8210,0.35
8225,0.52
8226,0.24
8231,0.7
8233,0.21
8244,0.7
8250,0.39
8261,0.71
8265,0.35
8278,0.39
8279,0.43
8280,0.2
8296,0.72
8299,0.2
8300,0.58
8301,0.21
8305,0.31
8327,0.51
8334,0.51
8349,0.36
8355,0.5
8361,0.26
8362,0.29
8364,0.25
8365,0.42
8375,0.38
8378,0.84
8380,0.27
8381,0.28
8387,0.37
8399,0.65
8402,0.98
8409,0.41
8433,0.79
8436,0.44
8442,0.39
8448,0.41
8464,0.51
8469,0.56
8474,0.75
8478,0.37
8482,0.36
8490,0.19
8510,0.5
8511,0.21
8527,0.36
8532,0.31
8533,0.37
8538,0.28
8541,0.46
8545,0.47
8553,0.16
8554,0.51
8555,0.43
8569,0.22
8586,0.8
8593,0.51
8600,0.92
8606,0.8
8607,0.24
8611,0.23
8613,0.71
8618,0.86
8630,0.32
8637,0.28
8650,0.26
8652,0.31
8661,0.18
8669,0.56
8673,0.28
8674,0.32
8678,0.76
8682,0.41
8688,0.33
8689,0.72
8695,0.44
8698,0.2
8703,0.38
8709,0.34
8716,0.54
8723,0.5
8737,0.68
8753,0.26
8773,0.43
8774,0.46
8778,0.74
8786,0.63
8794,0.47
8795,0.75
8800,0.51
8804,0.38
8808,0.41
8809,0.3
8817,0.22
8818,0.44
8825,0.39
8830,0.41
8833,0.59
8834,0.25
8836,0.4
8837,0.34
8844,0.42
8851,0.56
8861,0.93
8864,0.35
8865,0.4
8869,0.09
8873,0.76
8880,0.72
8884,0.39
8888,0.16
8889,0.43
8891,0.79
8893,0.39
8897,0.36
8905,0.4
8910,0.79
8918,0.38
8939,0.34
8940,0.33
8941,0.37
8944,0.41
8949,0.33
8950,0.35
8958,0.64
8967,0.79
8975,0.55
8979,0.31
8980,0.28
8991,0.29
8995,0.29
8996,0.36
8998,0.7
9000,0.53
9001,0.69
9002,0.42
9024,0.48
9026,0.33
9027,0.17
9034,0.43
9038,0.32
9050,0.32
9052,0.72
9054,0.48
9078,0.9
9097,0.28
9109,0.23
9112,0.7
9115,0.53
9125,0.17
9132,0.26
9136,0.25
9139,0.39
9140,0.37
9142,0.56
9143,0.31
9147,0.74
9159,0.2
9165,0.75
9172,0.42
9177,0.37
9179,0.47
9185,0.31
9196,0.94
9201,0.4
9209,0.33
9210,0.74
9212,0.31
9214,0.54
9240,0.84
9241,0.29
9244,0.42
9249,0.42
9250,0.74
9255,0.37
9258,0.39
9263,0.23
9266,0.72
9269,0.24
9272,0.44
9276,0.85
9290,0.42
9299,0.17
9303,0.4
9310,0.17
9311,0.4
9314,0.46
9315,0.67
9325,0.45
9328,0.42
9329,0.47
9332,0.92
9337,0.23
9353,0.75
9355,0.27
9356,0.2
9362,0.87
9364,0.23
9366,0.18
9387,0.97
9388,0.97
9396,0.56
9400,0.41
9406,0.47
9411,0.36
9416,0.77
9417,0.88
9423,0.79
9425,0.3
9426,0.65
9427,0.26
9429,0.65
9430,0.67
9434,0.23
9442,0.39
9458,0.27
9476,0.34
9481,0.45
9483,0.43
9484,0.42
9487,0.82
9488,0.39
9490,0.39
9502,0.97
9505,0.32
9509,0.28
9515,0.5
9516,0.29
9532,0.33
9539,0.75
9542,0.34
9549,0.44
9550,0.64
9553,0.58
9554,0.38
9561,0.34
9566,0.31
9571,0.54
9577,0.33
9584,0.48
9592,0.43
9596,0.75
9602,0.25
9603,0.31
9604,0.87
9608,0.96
9609,0.47
9613,0.27
9623,0.48
9630,0.78
9633,0.59
9648,0.23
9665,0.39
9668,0.34
9678,0.42
9679,0.43
9693,0.86
9718,0.66
9720,0.74
9744,0.16
9745,0.28
9746,0.87
9753,0.31
9758,0.39
9759,0.27
9763,0.35
9766,0.33
9767,0.28
9777,0.49
9781,0.45
9789,0.17
9790,0.64
9799,0.21
9802,0.2
9805,0.9
9807,0.21
9812,0.26
9818,0.36
9820,0.86
9822,0.43
9824,0.32
9834,0.32
9836,0.25
9847,0.31
9864,0.74
9869,0.33
9875,0.58
9880,0.34
9889,0.9
9894,0.6
9909,0.79
9915,0.54
9919,0.25
9920,0.85
9940,0.75
9946,0.71
9958,0.91
9959,0.4
9973,0.68
9976,0.43
9978,0.52
9982,0.33
9987,0.38
9988,0.33
9992,0.41
10000,0.0
10002,0.68
10005,0.45
10008,0.21
10009,0.45
10011,0.28
10021,0.38
10022,0.9
10053,0.32
10074,0.38
10076,0.47
10090,0.28
10092,0.3
10099,0.59
10102,0.6
10103,0.31
10106,0.6
10108,0.74
10113,0.77
10119,0.21
10122,0.32
10125,0.28
10140,0.32
10155,0.33
10159,0.29
10164,0.44
10175,0.41
10176,0.71
10178,0.46
10186,0.2
10200,0.45
10204,0.38
10206,0.31
10211,0.43
10212,0.43
10217,0.46
10220,0.42
10230,0.7
10234,0.43
10235,0.33
10239,0.19
10240,0.25
10242,0.38
10245,0.27
10246,0.79
10247,0.4
10250,0.47
10254,0.93
10257,0.6
10260,0.39
10261,0.94
10265,0.31
10273,0.37
10274,0.29
10277,0.2
10289,0.64
10290,0.19
10298,0.41
10301,0.37
10304,0.17
10305,0.46
10313,0.31
10320,0.27
10323,0.5
10328,0.29
10332,0.89
10336,0.9
10343,0.34
10348,0.42
10350,0.25
10351,0.19
10354,0.26
10372,0.18
10373,0.66
10380,0.33
10383,0.31
10396,0.79
10397,0.69
10399,0.85
10400,0.54
10401,0.3
10402,0.3
10403,0.47
10410,0.81
10412,0.68
10415,0.32
10424,0.48
10428,0.13
10432,0.34
10462,0.22
10477,0.39
10482,0.35
10484,0.61
10493,0.31
10495,0.38
10497,0.4
10516,0.34
10521,0.32
10522,0.73
10523,0.6
10528,0.51
10530,0.27
10532,0.49
10533,0.45
10543,0.8
10547,0.56
10552,0.53
10558,0.2
10571,0.37
10572,0.25
10574,0.27
10583,0.52
10600,0.32
10607,0.56
10608,0.53
10614,0.26
10630,0.39
10634,0.44
10635,0.35
10641,0.92
10643,0.59
10644,0.35
10648,0.58
10669,0.39
10675,0.82
10686,0.91
10704,0.47
10707,0.3
10722,0.38
10736,0.67
10764,0.19
10767,0.8
10776,0.46
10779,0.46
10781,0.44
10792,0.71
10797,0.34
10798,0.29
10801,0.61
10802,0.42
10805,0.44
10808,0.43
10810,0.78
10816,0.23
10817,0.45
10829,0.75
10843,0.25
10858,0.41
10866,0.33
10876,0.42
10887,0.3
10891,0.18
10896,0.51
10900,0.8
10905,0.12
10907,0.27
10917,0.25
10936,0.46
10947,0.25
10948,0.65
10951,0.27
10955,0.26
10969,0.39
10984,0.53
10987,0.43
10990,0.32
10992,0.17
10996,0.6
10997,0.59
10999,0.39
11000,0.87
11001,0.35
11010,0.36
11016,0.46
11018,0.95
11034,0.97
11039,0.51
11041,0.22
11047,0.49
11053,0.72
11055,0.47
11056,0.39
11065,0.22
11068,0.82
11070,0.32
11071,0.59
11072,0.39
11079,0.3
11091,0.47
11094,0.23
11112,0.41
11113,0.2
11128,0.18
11153,0.51
11154,0.1
11163,0.42
11179,0.2
11181,0.19
11206,0.26
11216,0.33
11221,0.28
11223,0.62
11228,0.81
11235,0.47
11237,0.24
11244,0.18
11256,0.61
11267,0.31
11272,0.59
11281,0.3
11285,0.16
11288,0.2
11291,0.4
11293,0.35
11297,0.31
11298,0.22
11299,0.46
11301,0.35
11309,0.59
11331,0.57
11332,0.42
11337,0.5
11343,0.89
11347,0.45
11348,0.67
11355,0.93
11368,0.43
11369,0.66
11371,0.8
11378,0.79
11384,0.47
11387,0.41
11393,0.35
11399,0.44
11412,0.87
11431,0.42
11432,0.21
11444,0.94
11450,0.99
11451,0.7
11476,0.11
11488,0.48
11495,0.64
11505,0.2
11508,0.96
11518,0.42
11522,0.28
11524,0.35
11533,0.69
11549,0.29
11551,0.97
11560,0.48
11563,0.6
11565,0.82
11567,0.41
11569,0.41
11598,0.71
11604,0.67
11611,0.64
11617,0.53
11626,0.32
11642,0.45
11643,0.28
11648,0.4
11651,0.38
11663,0.29
11666,0.39
11685,0.36
11686,0.53
11698,0.32
11708,0.31
11711,0.26
11718,0.43
11742,0.44
11761,0.66
11767,0.44
11768,0.35
11775,0.6
11779,0.29
11786,0.96
11790,0.86
11791,0.28
11796,0.0
11806,0.65
11810,0.39
11811,0.27
11814,0.94
11816,0.41
11820,0.32
11822,0.4
11829,0.55
11832,0.44
11834,0.7
11836,0.23
11837,0.42
11844,0.9
11847,0.7
11864,0.84
11865,0.62
11872,0.37
11873,0.14
11886,0.34
11894,0.25
11905,0.37
11906,0.25
11907,0.31
11912,0.48
11914,0.77
11918,0.39
11924,0.38
11929,0.89
11930,0.28
11936,0.35
11937,0.43
11954,0.49
11957,0.35
11964,0.14
11968,0.17
11972,0.35
11976,0.45
11979,0.29
11981,0.41
11983,0.31
11989,0.26
11991,0.19
11998,0.31
12003,0.43
12007,0.45
12011,0.75
12014,0.28
12024,0.31
12033,0.44
12034,0.41
12041,0.27
12046,0.48
12056,0.29
12064,0.28
12069,0.23
12070,0.23
12071,0.42
12072,0.32
12078,0.32
12091,0.76
12092,0.43
12094,0.35
12098,0.33
12103,0.32
12115,0.91
12118,0.18
12122,0.63
12125,0.93
12133,0.39
12137,0.43
12141,0.54
12143,0.42
12144,0.89
12154,0.53
12163,0.36
12170,0.65
12193,0.4
12196,0.3
12206,0.2
12209,0.12
12214,0.3
12228,0.38
12233,0.71
12238,0.19
12242,0.25
12245,0.69
12247,0.53
12251,0.29
12287,0.39
12292,0.81
12304,0.38
12317,0.89
12320,0.88
12323,0.93
12328,0.26
12333,0.8
12334,0.46
12335,0.45
12352,0.36
12358,0.26
12364,0.39
12376,0.45
12396,0.37
12402,0.99
12406,0.37
12408,0.39
12410,0.92
12413,0.84
12417,0.37
12424,0.63
12425,0.29
12426,0.34
12430,0.26
12432,0.72
12433,0.25
12451,0.37
12457,0.65
12465,0.4
12468,0.58
12474,0.46
12475,0.37
12486,0.31
12487,0.71
12514,0.17
12524,0.98
12526,0.36
12530,0.51
12532,0.24
12593,0.21
12599,0.42
12600,0.52
12603,0.26
12624,0.99
12630,0.36
12638,0.42
12641,0.76
12643,0.93
12656,0.33
12666,0.71
12673,0.98
12675,0.31
12678,0.82
12692,0.0
12693,0.97
12707,0.28
12711,0.75
12716,0.34
12717,0.82
12723,0.63
12738,0.37
12742,0.34
12746,0.39
12753,0.46
12758,0.2
12760,0.42
12763,0.3
12764,0.49
12768,0.39
12776,0.27
12777,0.4
12783,0.98
12804,0.32
12824,0.25
12839,0.13
12847,0.43
12850,0.95
12867,0.92
12883,0.19
12887,0.27
12890,0.24
12903,0.52
12906,0.31
12907,0.23
12909,0.33
12912,0.35
12915,0.36
12930,0.82
12931,0.59
12934,0.69
12951,0.34
12955,0.32
12973,0.29
12988,0.53
12999,0.53
13015,0.69
13026,0.61
13036,0.38
13039,0.41
13040,0.21
13041,0.53
13043,0.68
13057,0.33
13064,0.45
13068,0.88
13069,0.48
13073,0.52
13079,0.91
13086,0.4
13089,0.63
13093,0.51
13097,0.88
13098,0.39
13105,0.33
13107,0.48
13108,0.82
13110,0.45
13112,0.69
13114,0.52
13118,0.53
13127,0.23
13129,0.46
13142,0.99
13146,0.16
13149,0.08
13157,0.32
13158,0.6
13159,0.71
13161,0.34
13162,0.26
13166,0.31
13168,0.41
13170,0.91
13186,0.37
13191,0.31
13203,0.36
13209,0.33
13212,0.35
13213,0.28
13222,0.32
13229,0.48
13234,0.75
13257,0.75
13258,0.46
13268,0.17
13270,0.29
13291,0.21
13292,0.71
13299,0.47
13307,0.95
13309,0.39
13311,0.47
13312,0.48
13322,0.52
13324,0.93
13330,0.28
13338,0.23
13344,0.78
13348,0.38
13355,0.63
13365,0.97
13368,0.5
13370,0.44
13372,0.52
13377,0.65
13385,0.56
13389,0.43
13393,0.31
13395,0.58
13404,0.13
13411,0.54
13416,0.26
13434,0.43
13435,0.79
13445,0.44
13446,0.32
13451,0.73
13462,0.69
13464,0.43
13466,0.28
13471,0.4
13472,0.67
13477,0.5
13481,0.4
13484,0.67
13490,0.25
13492,0.74
13500,0.26
13508,0.27
13516,0.5
13525,0.22
13526,0.24
13530,0.83
13532,0.31
13538,0.38
13546,0.36
13548,0.73
13550,0.92
13551,0.45
13564,0.52
13566,0.73
13570,0.46
13580,0.54
13585,0.13
13588,0.12
13592,0.37
13594,0.4
13609,0.23
13610,0.66
13613,0.3
13625,0.38
13626,0.87
13639,0.86
13645,0.83
13647,0.58
13648,0.18
13652,0.72
13654,0.96
13664,0.56
13673,0.44
13684,0.26
13690,0.49
13693,0.23
13696,0.35
13700,0.88
13701,0.29
13707,0.64
13713,0.1
13714,0.33
13716,0.63
13720,0.29
13727,0.47
13733,0.36
13738,0.21
13757,0.5
13759,0.72
13761,0.43
13767,0.38
13782,0.45
13786,0.58
13787,0.48
13792,0.26
13795,0.59
13798,0.38
13807,0.05
13809,0.41
13811,0.4
13815,0.35
13817,0.2
13818,0.16
13822,0.2
13824,0.3
13829,0.26
13832,0.85
13840,0.7
13841,0.68
13868,0.32
13871,0.97
13880,0.45
13888,0.51
13890,0.68
13891,0.32
13895,0.36
13907,0.36
13910,0.6
13912,0.7
13913,0.4
13923,0.65
13929,0.47
13936,0.31
13946,0.37
13950,0.37
13951,0.24
13954,0.55
13958,0.82
13969,0.46
13980,0.23
13981,0.41
13986,0.37
13987,0.41
13989,0.71
13992,0.42
13994,0.39
14001,0.83
14002,0.56
14004,0.48
14006,0.56
14012,0.78
14021,0.42
14024,0.96
14045,0.23
14047,0.84
14057,0.51
14059,0.29
14060,0.36
14068,0.37
14070,0.65
14074,0.37
14076,0.78
14089,0.26
14115,0.41
14116,0.25
14128,0.57
14131,0.4
14134,0.81
14137,0.83
14138,0.43
14139,0.93
14152,0.51
14153,0.95
14155,0.32
14156,0.93
14164,0.44
14165,0.4
14171,0.39
14174,0.31
14181,0.4
14186,0.82
14192,0.7
14201,0.71
14210,0.85
14214,0.15
14231,0.51
14236,0.66
14241,0.46
14245,0.51
14249,0.15
14251,0.23
14262,0.32
14265,0.28
14267,0.38
14270,0.94
14276,0.62
14279,0.54
14281,0.2
14289,0.22
14290,0.27
14293,0.67
14295,0.61
14297,0.33
14298,0.39
14310,0.28
14312,0.9
14315,0.93
14318,0.69
14319,0.55
14325,0.64
14331,0.37
14334,0.35
14341,0.49
14343,0.98
14344,0.41
14346,0.42
14347,0.21
14349,0.4
14352,0.33
14358,0.34
14361,0.47
14363,0.74
14374,0.51
14376,0.42
14381,0.52
14398,0.32
14410,0.32
14412,0.61
14415,0.61
14423,0.53
14425,0.39
14436,0.2
14444,0.42
14455,0.7
14465,0.5
14469,0.51
14471,0.32
14475,0.56
14479,0.3
14480,0.45
14488,0.63
14491,0.61
14501,0.36
14520,0.87
14522,0.76
14523,0.24
14537,0.54
14538,0.68
14550,0.43
14561,0.39
14575,0.32
14586,0.43
14592,0.65
14601,0.75
14602,0.46
14604,0.68
14606,0.36
14627,0.42
14641,0.57
14652,0.43
14662,0.61
14665,0.6
14673,0.45
14675,0.28
14679,0.77
14683,0.27
14686,0.47
14705,0.58
14708,0.3
14709,0.77
14710,0.29
14715,0.44
14717,0.38
14723,0.36
14725,0.2
14727,0.74
14728,0.21
14735,0.29
14746,0.28
14752,0.5
14757,0.2
14762,0.3
14763,0.25
14797,0.36
14812,0.23
14818,0.6
14825,0.53
14827,0.37
14829,0.32
14830,0.41
14837,0.39
14849,0.4
14863,0.3
14869,0.52
14882,0.3
14884,0.69
14886,0.65
14888,0.53
14890,0.18
14904,0.33
14938,0.59
14952,0.4
14958,0.8
14963,0.3
14979,0.4
14980,0.3
14986,0.51
14988,0.6
15003,0.28
15006,0.71
15009,0.96
15015,0.68
15024,0.26
15030,0.68
15036,0.13
15038,0.66
15039,0.32
15047,0.75
15049,0.38
15056,0.97
15068,0.42
15070,0.35
15073,0.18
15081,0.52
15084,0.4
15088,0.95
15092,0.33
15095,0.33
15097,0.33
15098,0.39
15115,0.53
15120,0.85
15126,0.13
15133,0.56
15143,0.4
15156,0.48
15164,0.36
15178,0.25
15198,0.76
15200,0.85
15208,0.02
15214,0.29
15218,0.73
15231,0.26
15238,0.34
15239,0.2
15240,0.44
15249,0.17
15256,0.39
15260,0.73
15290,0.28
15307,0.98
15308,0.63
15321,0.79
15323,0.59
15325,0.3
15342,0.71
15346,0.36
15349,0.23
15354,0.39
15362,0.38
15379,0.21
15383,0.43
15394,0.36
15401,0.7
15405,0.46
15407,0.29
15412,0.65
15413,0.64
15415,0.59
15427,0.72
15430,0.84
15436,0.63
15439,0.24
15443,0.41
15444,0.59
15445,0.72
15450,0.28
15456,0.48
15465,0.16
15466,0.29
15470,0.44
15474,0.54
15476,0.49
15482,0.2
15492,0.18
15510,0.67
15519,0.55
15523,0.15
15535,0.77
15561,0.83
15564,0.73
15566,0.31
15579,0.42
15580,0.58
15581,0.25
15587,0.4
15589,0.37
15591,0.29
15597,0.4
15620,0.9
15627,0.64
15636,0.8
15653,0.54
15662,0.82
15664,0.4
15666,0.53
15667,0.32
15674,0.71
15692,0.33
15715,0.34
15736,0.62
15744,0.6
15746,0.24
15758,0.43
15760,0.18
15766,0.46
15767,0.33
15789,0.77
15810,0.16
15818,0.17
15820,0.35
15830,0.42
15844,0.59
15850,0.24
15857,0.37
15863,0.91
15869,0.3
15872,0.39
15873,0.48
15884,0.11
15885,0.73
15891,0.85
15898,0.31
15900,0.3
15932,0.39
15940,0.47
15944,0.14
15945,0.37
15963,0.68
15970,0.34
15977,0.27
15982,0.24
15985,0.44
15995,0.38
16004,0.24
16005,0.57
16011,0.24
16019,0.66
16021,0.34
16051,0.48
16065,0.65
16066,0.21
16076,0.8
16091,0.36
16094,0.45
16101,0.27
16104,0.85
16113,0.81
16114,0.53
16115,0.66
16127,0.62
16128,0.5
16138,0.89
16139,0.63
16142,0.37
16144,0.71
16148,0.83
16151,0.43
16156,0.51
16165,0.56
16166,0.21
16179,0.88
16193,0.53
16196,0.49
16198,0.33
16210,0.69
16232,0.48
16237,0.14
16240,0.53
16252,0.55
16259,0.31
16262,0.68
16263,0.34
16270,0.33
16272,0.42
16290,0.33
16295,0.74
16297,0.44
16299,0.26
16300,0.27
16302,0.37
16303,0.62
16305,0.78
16309,0.3
16312,0.23
16320,0.28
16326,0.26
16327,0.36
16338,0.4
16342,0.22
16346,0.57
16348,0.53
16355,0.73
16356,0.46
16378,0.43
16382,0.19
16391,0.34
16392,0.37
16395,0.82
16399,0.41
16403,0.4
16408,0.33
16413,0.5
16415,0.29
16417,0.58
16420,0.31
16431,0.35
16439,0.62
16444,0.61
16446,0.03
16451,0.52
16454,0.13
16461,0.36
16462,0.35
16469,0.29
16484,0.49
16486,0.61
16487,0.37
16491,0.33
16494,0.46
16507,0.6
16508,0.17
16519,0.29
16523,0.26
16526,0.59
16530,0.73
16532,0.6
16542,0.41
16550,0.63
16555,0.42
16558,0.61
16567,0.72
16576,0.33
16579,0.25
16595,0.55
16598,0.35
16600,0.21
16604,0.81
16605,0.82
16607,0.6
16610,0.48
16612,0.86
16617,0.72
16625,0.59
16632,0.63
16634,0.48
16650,0.16
16654,0.33
16655,0.29
16656,0.4
16657,0.36
16660,0.25
16662,0.52
16669,0.45
16675,0.65
16676,0.16
16678,0.4
16679,0.5
16693,0.42
16701,0.2
16715,0.27
16722,0.74
16724,0.39
16727,0.66
16735,0.59
16741,0.33
16752,0.33
16758,0.22
16765,0.35
16771,0.52
16785,0.06
16793,0.57
16800,0.36
16805,0.41
16809,0.28
16820,0.74
16827,0.48
16830,0.45
16843,0.96
16847,0.2
16855,0.64
16860,0.47
16862,0.75
16863,0.36
16872,0.23
16874,0.35
16876,0.53
16893,0.4
16895,0.5
16914,0.7
16917,0.41
16926,0.47
16930,0.48
16931,0.23
16932,0.26
16934,0.34
16937,0.27
16941,0.4
16942,0.82
16957,0.29
16962,0.67
16967,0.59
16968,0.71
16972,0.34
16974,0.24
16984,0.29
16987,0.39
16994,0.64
16995,0.54
16999,0.33
17034,0.5
17038,0.33
17040,0.35
17050,0.42
17068,0.29
17077,0.4
17079,0.53
17082,0.59
17085,0.65
17087,0.44
17099,0.87
17105,0.16
17108,0.3
17110,0.16
17111,0.32
17123,0.49
17124,0.34
17130,0.66
17138,0.31
17143,0.72
17157,0.28
17160,0.44
17166,0.25
17167,0.24
17179,0.57
17180,0.26
17189,0.55
17197,0.68
17219,0.58
17223,0.29
17225,0.66
17229,0.68
17234,0.27
17235,0.27
17239,0.52
17242,0.24
17243,0.41
17246,0.71
17247,0.23
17255,0.41
17258,0.56
17260,0.55
17264,0.51
17270,0.5
17271,0.42
17272,0.29
17285,0.39
17294,0.28
17297,0.47
17298,0.71
17299,0.2
17306,0.2
17324,0.24
17326,0.15
17330,0.38
17345,0.38
17351,0.71
17352,0.19
17372,0.26
17381,0.7
17385,0.61
17388,0.25
17390,0.47
17392,0.5
17399,0.1
17404,0.27
17407,0.21
17408,0.61
17416,0.66
17418,0.26
17434,0.8
17438,0.53
17443,0.85
17444,0.45
17453,0.59
17460,0.62
17467,0.25
17480,0.45
17488,0.55
17490,0.35
17493,0.45
17498,0.24
17503,0.21
17513,0.32
17520,0.64
17525,0.53
17534,0.11
17545,0.59
17553,0.4
17554,0.39
17557,0.35
17563,0.75
17576,0.48
17577,0.36
17580,0.67
17582,0.36
17596,0.27
17597,0.46
17602,0.76
17614,0.54
17623,0.58
17624,0.7
17627,0.54
17628,0.22
17630,0.52
17634,0.84
17640,0.34
17652,0.54
17657,0.33
17661,0.28
17662,0.55
17666,0.38
17682,0.72
17688,0.57
17693,0.42
17705,0.34
17711,0.53
17715,0.19
17717,0.25
17721,0.21
17728,0.2
17737,0.24
17745,0.33
17755,0.32
17764,0.75
17774,0.3
17785,0.26
17786,0.72
17789,0.36
17802,0.5
17810,0.71
17819,0.75
17825,0.22
17828,0.2
17833,0.45
17841,0.68
17842,0.44
17844,0.24
17849,0.28
17855,0.5
17857,0.75
17861,0.45
17863,0.45
17868,0.51
17876,0.56
17882,0.2
17885,0.28
17893,0.31
17894,0.15
17902,0.87
17906,0.28
17911,0.64
17917,0.36
17921,0.21
17941,0.29
17945,0.35
17949,0.42
17954,0.4
17957,0.29
17958,0.65
17960,0.35
17985,0.7
18000,0.43
18002,0.53
18008,0.19
18014,0.47
18015,0.82
18019,0.2
18021,0.47
18026,0.41
18029,0.3
18034,0.6
18035,0.4
18036,0.55
18039,0.56
18066,0.36
18076,0.61
18089,0.22
18104,0.42
18110,0.33
18129,0.58
18131,0.56
18133,0.44
18136,0.29
18148,0.63
18152,0.02
18167,0.67
18177,0.25
18178,0.4
18183,0.33
18194,0.66
18197,0.72
18213,0.19
18214,0.28
18221,0.09
18227,0.16
18239,0.87
18245,0.38
18266,0.28
18267,0.54
18274,0.06
18283,0.46
18297,0.2
18302,0.19
18303,0.73
18315,0.3
18324,0.31
18326,0.67
18334,0.18
18336,0.27
18344,0.47
18346,0.44
18347,0.38
18350,0.25
18352,0.55
18364,0.59
18366,0.4
18373,0.17
18391,0.37
18393,0.28
18395,0.67
18400,0.73
18408,0.46
18421,0.47
18425,0.5
18443,0.26
18451,0.32
18456,0.19
18458,0.59
18460,0.42
18467,0.76
18468,0.46
18475,0.44
18485,0.25
18494,0.64
18495,0.88
18508,0.55
18530,0.51
18533,0.27
18547,0.17
18548,0.37
18553,0.46
18561,0.34
18565,0.88
18572,0.24
18593,0.21
18600,0.34
18621,0.31
18629,0.68
18637,0.21
18649,0.28
18653,0.74
18660,0.25
18671,0.29
18672,0.2
18677,0.46
18681,0.89
18684,0.91
18686,0.45
18689,0.28
18690,0.58
18709,0.58
18716,0.74
18723,0.51
18773,0.31
18782,0.31
18797,0.71
18810,0.52
18817,0.49
18820,0.73
18825,0.54
18837,0.55
18850,0.8
18857,0.52
18861,0.74
18867,0.43
18870,0.1
18877,0.68
18887,0.41
18898,0.33
18900,0.34
18914,0.21
18921,0.49
18922,0.55
18945,0.4
18947,0.57
18953,0.35
18954,0.27
18957,0.48
18960,0.51
18973,0.21
18983,0.38
18990,0.19
18991,0.11
18993,0.36
18995,0.29
18996,0.28
19003,0.26
19014,0.43
19015,0.33
19019,0.73
19028,0.44
19038,0.48
19040,0.51
19046,0.27
19051,0.43
19054,0.79
19056,0.41
19074,0.28
19085,0.74
19099,0.89
19124,0.29
19134,0.53
19141,0.26
19146,0.61
19150,0.31
19170,0.08
19176,0.28
19187,0.54
19189,0.45
19202,0.61
19208,0.29
19209,0.17
19210,0.78
19216,0.44
19217,0.16
19218,0.58
19223,0.37
19240,0.17
19246,0.45
19269,0.47
19275,0.6
19287,0.22
19298,0.16
19303,0.29
19313,0.32
19325,0.2
19326,0.32
19328,0.49
19330,0.36
19340,0.53
19342,0.3
19343,0.22
19344,0.46
19363,0.17
19364,0.34
19371,0.33
19376,0.46
19377,0.29
19381,0.42
19384,0.55
19390,0.6
19402,0.26
19405,0.36
19409,0.32
19418,0.46
19429,0.68
19446,0.48
19458,0.69
19460,0.65
19462,0.75
19465,0.35
19472,0.25
19480,0.36
19503,0.79
19507,0.65
19517,0.41
19533,0.49
19537,0.23
19541,0.43
19563,0.34
19566,0.79
19568,0.63
19576,0.31
19591,0.35
19597,0.69
19619,0.63
19622,0.71
19623,0.64
19624,0.28
19627,0.45
19629,0.31
19633,0.27
19639,0.21
19641,0.32
19643,0.24
19649,0.28
19652,0.84
19657,0.33
19660,0.49
19668,0.93
19678,0.3
19686,0.63
19690,0.26
19694,0.42
19695,0.27
19702,0.71
19712,0.66
19720,0.74
19735,0.61
19739,0.41
19740,0.6
19743,0.32
19750,0.56
19752,0.67
19754,0.27
19762,0.53
19770,0.36
19775,0.67
19777,0.31
19782,0.53
19783,0.77
19786,0.28
19805,0.31
19808,0.37
19819,0.57
19821,0.37
19827,0.22
19830,0.81
19832,0.62
19833,0.17
19834,0.25
19843,0.43
19844,0.16
19846,0.31
19847,0.41
19850,0.8
19851,0.21
19861,0.66
19873,0.61
19878,0.42
19886,0.14
19892,0.57
19901,0.16
19902,0.65
19920,0.5
19921,0.42
19922,0.22
19929,0.92
19932,0.58
19935,0.48
19936,0.58
19946,0.63
19950,0.68
19952,0.64
19955,0.52
19976,0.18
19983,0.56
19987,0.24
19991,0.84
19996,0.63
20007,0.7
20015,0.37
20019,0.39
20023,0.43
20034,0.33
20036,0.32
20038,0.4
20039,0.34
20040,0.56
20045,0.48
20046,0.76
20048,0.43
20060,0.41
20068,0.2
20074,0.79
20111,0.43
20117,0.23
20125,0.55
20129,0.69
20134,0.37
20135,0.22
20139,0.35
20142,0.62
20147,0.56
20154,0.72
20157,0.33
20169,0.24
20179,0.19
20202,0.23
20207,0.49
20215,0.27
20216,0.95
20217,0.8
20218,0.83
20219,0.59
20226,0.23
20236,0.15
20239,0.32
20246,0.36
20247,0.22
20253,0.64
20255,0.13
20268,0.29
20270,0.87
20271,0.35
20279,0.59
20282,0.69
20295,0.28
20302,0.18
20305,0.76
20306,0.84
20308,0.26
20330,0.69
20335,0.64
20344,0.29
20349,0.78
20360,0.32
20362,0.53
20378,0.44
20394,0.21
20397,0.7
20403,0.25
20405,0.54
20415,0.3
20417,0.3
20420,0.23
20425,0.51
20430,0.73
20435,0.62
20443,0.55
20446,0.55
20458,0.28
20459,0.66
20467,0.2
20470,0.75
20482,0.79
20489,0.66
20495,0.13
20496,0.22
20497,0.7
20505,0.33
20509,0.79
20535,0.49
20539,0.65
20544,0.57
20547,0.42
20556,0.1
20557,0.51
20575,0.28
20577,0.28
20596,0.27
20597,0.53
20602,0.35
20603,0.34
20609,0.82
20618,0.23
20621,0.7
20628,0.41
20634,0.49
20637,0.33
20641,0.19
20642,0.53
20647,0.54
20655,0.64
20656,0.18
20661,0.15
20664,0.82
20674,0.77
20679,0.58
20680,0.35
20683,0.87
20687,0.39
20688,0.66
20695,0.31
20696,0.16
20699,0.2
20701,0.19
20702,0.11
20704,0.4
20721,0.46
20725,0.22
20731,0.24
20741,0.27
20742,0.14
20753,0.57
20756,0.23
20769,0.45
20771,0.48
20774,0.15
20777,0.54
20781,0.54
20797,0.64
20808,0.42
20810,0.65
20820,0.4
20823,0.88
20829,0.63
20832,0.29
20833,0.44
20837,0.24
20838,0.27
20839,0.29
20847,0.29
20861,0.25
20869,0.97
20875,0.14
20877,0.55
20889,0.41
20894,0.51
20901,0.59
20919,0.25
20923,0.29
20935,0.61
20937,0.16
20939,0.64
20940,0.26
20943,0.23
20946,0.65
20950,0.62
20961,0.9
20965,0.4
20967,0.78
20969,0.32
20970,0.35
20975,0.42
20987,0.54
20995,0.74
20998,0.79
21002,0.28
21012,0.56
21013,0.66
21015,0.3
21017,0.17
21020,0.25
21028,0.15
21031,0.41
21036,0.26
21040,0.24
21048,0.56
21049,0.17
21051,0.51
21070,0.28
21072,0.47
21079,0.56
21090,0.31
21093,0.41
21104,0.16
21114,0.35
21117,0.23
21120,0.23
21121,0.32
21132,0.16
21136,0.49
21139,0.59
21140,0.39
21146,0.57
21150,0.28
21178,0.83
21180,0.72
21198,0.44
21203,0.33
21210,0.39
21218,0.29
21220,0.29
21222,0.2
21228,0.73
21236,0.5
21239,0.25
21260,0.26
21267,0.14
21271,0.2
21279,0.32
21286,0.53
21288,0.5
21294,0.58
21298,0.18
21299,0.62
21300,0.5
21304,0.36
21307,0.33
21309,0.21
21311,0.36
21331,0.37
21332,0.82
21342,0.38
21345,0.55
21348,0.53
21353,0.46
21357,0.26
21369,0.49
21370,0.62
21371,0.5
21373,0.28
21385,0.47
21392,0.19
21401,0.53
21403,0.18
21406,0.57
21413,0.63
21414,0.78
21416,0.72
21423,0.62
21442,0.53
21443,0.18
21448,0.4
21459,0.4
21467,0.24
21474,0.36
21484,0.49
21488,0.57
21495,0.25
21498,0.38
21502,0.37
21503,0.62
21510,0.67
21516,0.84
21533,0.59
21535,0.43
21539,0.31
21541,0.3
21544,0.39
21554,0.67
21569,0.25
21572,0.33
21578,0.27
21580,0.33
21584,0.25
21589,0.83
21595,0.22
21598,0.27
21599,0.29
21606,0.15
21623,0.5
21639,0.46
21641,0.39
21645,0.19
21647,0.36
21648,0.1
21657,0.27
21671,0.37
21673,0.18
21678,0.24
21696,0.43
21699,0.33
21700,0.32
21703,0.32
21710,0.22
21721,0.16
21727,0.45
21728,0.73
21731,0.33
21741,0.2
21744,0.79
21748,0.3
21753,0.21
21756,0.39
21763,0.36
21767,0.27
21772,0.54
21774,0.62
21775,0.58
21780,0.45
21787,0.39
21805,0.23
21828,0.32
21831,0.38
21837,0.14
21842,0.28
21849,0.22
21856,0.42
21858,0.41
21862,0.23
21864,0.35
21867,0.28
21879,0.4
21881,0.45
21883,0.3
21891,0.49
21892,0.3
21902,0.36
21909,0.22
21914,0.35
21918,0.09
21919,0.31
21926,0.12
21930,0.3
21934,0.52
21940,0.15
21945,0.26
21948,0.68
21953,0.29
21954,0.35
21956,0.41
21963,0.64
21970,0.51
21984,0.41
21997,0.22
21999,0.25
22001,0.21
22002,0.26
22010,0.32
22013,0.16
22022,0.18
22024,0.17
22028,0.3
22029,0.5
22045,0.3
22049,0.39
22064,0.48
22069,0.45
22074,0.39
22082,0.16
22084,0.18
22090,0.62
22096,0.67
22100,0.24
22105,0.32
22119,0.37
22130,0.28
22152,0.6
22155,0.26
22164,0.14
22173,0.28
22194,0.35
22209,0.26
22217,0.27
22220,0.2
22222,0.7
22244,0.38
22245,0.13
22250,0.46
22256,0.67
22261,0.75
22264,0.29
22270,0.47
22279,0.7
22280,0.18
22284,0.34
22288,0.39
22293,0.28
22297,0.98
22307,0.35
22310,0.16
22319,0.6
22324,0.32
22326,0.24
22327,0.19
22329,0.21
22331,0.69
22340,0.46
22342,0.56
22347,0.47
22351,0.34
22357,0.53
22361,0.27
22371,0.49
22373,0.43
22391,0.76
22404,0.67
22409,0.54
22411,0.25
22428,0.52
22436,0.52
22444,0.61
22445,0.29
22451,0.27
22463,0.39
22464,0.22
22467,0.65
22472,0.34
22485,0.9
22497,0.21
22504,0.66
22508,0.49
22516,0.32
22522,0.21
22527,0.52
22543,0.81
22549,0.25
22551,0.47
22557,0.52
22562,0.27
22567,0.29
22572,0.21
22575,0.27
22578,0.52
22579,0.34
22580,0.29
22581,0.21
22591,0.72
22593,0.18
22597,0.2
22600,0.42
22602,0.36
22603,0.33
22616,0.64
22617,0.19
22622,0.46
22623,0.32
22624,0.61
22628,0.28
22640,0.14
22641,0.48
22653,0.51
22660,0.26
22672,0.75
22674,0.36
22689,0.35
22698,0.4
22705,0.45
22709,0.83
22711,0.18
22714,0.65
22715,0.25
22729,0.41
22730,0.31
22733,0.3
22750,0.21
22754,0.56
22756,0.36
22758,0.46
22767,0.53
22768,0.37
22769,0.57
22776,0.13
22778,0.36
22780,0.45
22789,0.25
22797,0.42
22799,0.22
22814,0.26
22818,0.51
22821,0.38
22823,0.34
22841,0.23
22847,0.67
22848,0.43
22862,0.24
22875,0.77
22877,0.7
22887,0.31
22892,0.17
22899,0.47
22901,0.39
22907,0.43
22909,0.28
22926,0.29
22927,0.42
22930,0.57
22934,0.47
22937,0.63
22939,0.31
22949,0.4
22951,0.47
22955,0.37
22965,0.8
22966,0.38
22968,0.82
22972,0.46
22975,0.58
22981,0.42
22988,0.48
22994,0.27
22996,0.65
23011,0.55
23028,0.55
23031,0.43
23035,0.4
23038,0.27
23042,0.24
23049,0.75
23051,0.94
23053,0.3
23057,0.96
23058,0.4
23063,0.41
23064,0.34
23067,0.46
23071,0.33
23075,0.29
23077,0.81
23090,0.42
23094,0.76
23097,0.38
23103,0.28
23107,0.48
23117,0.25
23122,0.41
23124,0.22
23126,0.59
23129,0.72
23136,0.43
23141,0.39
23142,0.48
23147,0.43
23154,0.25
23159,0.42
23165,0.14
23171,0.78
23173,0.18
23175,0.35
23179,0.95
23182,0.84
23185,0.53
23188,0.39
23189,0.45
23209,0.54
23214,0.47
23215,0.52
23233,0.52
23241,0.39
23252,0.42
23255,0.35
23263,0.37
23281,0.53
23282,0.34
23289,0.31
23292,0.41
23296,0.4
23297,0.37
23301,0.47
23302,0.2
23304,0.3
23309,0.21
23312,0.41
23316,0.36
23321,0.34
23342,0.29
23344,0.24
23350,0.36
23367,0.51
23368,0.31
23374,0.33
23387,0.29
23389,0.72
23399,0.63
23403,0.7
23406,0.99
23414,0.4
23415,0.32
23419,0.79
23436,0.43
23439,0.64
23444,0.68
23445,0.43
23455,0.29
23469,0.25
23472,0.1
23477,0.35
23478,0.62
23479,0.29
23487,0.21
23490,0.27
23491,0.77
23492,0.3
23494,0.31
23496,0.35
23497,0.43
23506,0.24
23515,0.41
23528,0.46
23532,0.39
23549,0.54
23551,0.2
23552,0.14
23555,0.37
23556,0.31
23564,0.83
23583,0.38
23592,0.41
23597,1.0
23601,0.28
23605,0.7
23615,0.27
23619,0.6
23621,0.91
23626,0.73
23635,0.61
23637,0.4
23640,0.28
23646,0.27
23655,0.36
23672,0.55
23673,0.24
23682,0.33
23683,0.45
23699,0.43
23704,0.75
23707,0.95
23713,0.31
23714,0.26
23716,0.5
23718,0.75
23721,0.23
23735,0.32
23737,0.46
23744,0.31
23749,0.7
23755,0.51
23769,0.78
23772,0.39
23773,0.11
23774,0.77
23779,0.24
23782,0.4
23793,0.36
23803,0.99
23828,0.57
23833,0.73
23834,0.78
23844,0.53
23845,0.48
23852,0.79
23855,0.93
23867,0.31
23872,0.73
23874,0.38
23880,0.34
23886,0.18
23898,0.25
23900,0.33
23903,0.26
23907,0.25
23908,0.77
23912,0.38
23916,0.38
23917,0.39
23918,0.45
23922,0.27
23928,0.2
23940,0.41
23944,0.5
23945,0.37
23951,0.37
23966,0.27
23970,0.17
23971,0.41
23976,0.44
23980,0.31
23987,0.98
23988,0.25
23993,0.43
23997,0.21
23998,0.29
23999,0.8
24010,0.55
24015,0.66
24023,0.28
24033,0.39
24046,0.56
24060,0.54
24062,0.49
24065,0.66
24070,0.3
24071,0.23
24073,0.35
24079,0.48
24082,1.0
24084,0.35
24089,0.47
24094,0.45
24100,0.3
24105,0.24
24106,0.13
24108,0.57
24111,0.93
24120,0.42
24125,0.72
24134,0.6
24140,0.44
24151,0.29
24153,0.33
24154,0.44
24161,0.37
24166,0.4
24170,0.52
24176,0.3
24182,0.68
24188,0.43
24190,0.28
24201,0.99
24211,0.86
24215,0.8
24216,0.99
24219,0.43
24222,0.63
24240,1.0
24243,0.31
24245,0.29
24251,0.47
24256,1.0
24258,0.35
24261,0.46
24263,0.41
24264,0.46
24266,0.34
24273,0.36
24278,0.5
24289,1.0
24292,0.33
24293,0.23
24298,0.98
24299,0.54
24303,0.62
24304,0.32
24305,0.46
24329,0.34
24341,0.29
24345,0.73
24353,0.63
24358,1.0
24364,0.45
24367,0.29
24370,0.53
24377,0.38
24380,0.38
24381,0.33
24387,0.42
24391,0.3
24409,0.99
24413,0.38
24416,0.35
24427,0.56
24439,0.18
24443,0.36
24448,0.43
24454,0.85
24455,0.53
24461,0.28
24464,0.3
24468,0.53
24469,0.35
24501,0.36
24508,0.46
24519,0.18
24520,0.96
24538,0.57
24540,0.79
24550,0.49
24552,0.41
24561,0.29
24577,0.34
24579,0.5
24580,0.36
24582,0.58
24591,0.74
24592,0.36
24599,0.89
24602,0.37
24606,0.3
24617,0.21
24619,0.73
24630,0.22
24633,0.84
24634,0.65
24638,0.41
24641,0.46
24644,0.5
24645,0.72
24656,0.23
24661,0.43
24663,0.84
24667,0.3
24669,0.5
24682,0.28
24698,0.11
24699,0.61
24702,0.4
24703,0.71
24717,0.25
24724,0.99
24731,0.46
24737,0.31
24740,0.42
24743,0.14
24744,0.99
24755,0.65
24757,0.32
24765,0.43
24766,0.36
24776,0.58
24787,0.98
24789,0.46
24791,0.29
24792,0.4
24804,0.15
24812,0.41
24816,0.51
24817,0.27
24820,0.72
24828,0.4
24832,0.36
24836,0.56
24842,0.68
24846,0.48
24847,0.27
24848,0.98
24851,0.69
24855,0.57
24856,0.57
24871,0.72
24874,0.44
24877,0.34
24889,0.48
24897,0.41
24899,0.76
24908,0.47
24913,0.5
24923,0.41
24933,0.43
24971,0.27
24973,1.0
24993,0.69
24998,0.46
25000,0.93
25001,0.94
25002,0.3
25003,0.99
25009,0.33
25024,0.26
25026,0.36
25027,0.92
25034,0.27
25050,0.42
25057,0.51
25067,0.64
25075,0.44
25081,0.41
25085,0.38
25093,0.3
25097,0.43
25103,0.36
25104,0.56
25109,0.34
25112,0.86
25113,0.47
25114,0.3
25119,0.2
25121,0.42
25122,0.96
25124,0.65
25131,0.25
25134,0.91
25144,0.13
25147,0.75
25148,0.55
25149,0.38
25155,0.66
25169,0.9
25177,0.56
25178,0.38
25179,0.43
25180,0.71
25191,0.57
25199,0.3
25232,0.38
25241,0.46
25242,0.94
25243,0.28
25246,0.38
25259,0.89
25265,0.45
25278,0.59
25280,0.3
25284,0.39
25286,0.54
25288,0.45
25318,0.99
25330,0.65
25333,0.46
25339,0.26
25340,0.71
25346,0.27
25349,0.79
25351,0.4
25361,0.64
25366,0.37
25368,0.96
25369,0.41
25370,0.49
25375,0.08
25376,0.72
25377,0.24
25379,0.49
25382,0.66
25386,0.41
25389,0.49
25399,0.41
25400,0.87
25401,0.85
25407,0.16
25409,0.15
25412,0.43
25416,0.3
25418,0.58
25423,0.31
25436,0.31
25439,0.37
25442,0.31
25445,0.98
25446,0.49
25453,0.32
25456,0.68
25458,0.24
25460,0.37
25461,0.33
25468,0.85
25470,0.32
25471,0.42
25482,0.66
25501,0.9
25504,0.66
25515,0.32
25518,0.52
25528,0.63
25533,0.29
25543,0.19
25548,0.5
25564,0.2
25572,0.65
25576,0.32
25577,0.61
25587,0.41
25591,0.45
25596,0.33
25598,0.27
25617,0.31
25618,0.89
25620,0.25
25623,0.42
25626,0.5
25628,0.26
25633,0.59
25637,0.38
25644,0.2
25662,0.3
25663,0.41
25673,0.6
25678,0.18
25685,0.32
25691,0.17
25706,0.31
25707,0.36
25723,0.52
25725,0.37
25735,0.48
25740,0.41
25759,0.26
25761,0.7
25769,0.32
25774,0.37
25779,0.64
25781,0.49
25784,0.95
25790,0.91
25796,0.37
25816,0.17
25847,0.43
25850,0.37
25852,0.66
25856,0.29
25866,0.52
25867,0.69
25868,0.34
25869,0.57
25877,0.77
25878,0.4
25890,0.34
25898,0.9
25899,0.41
25906,0.96
25907,0.65
25915,0.94
25932,0.69
25939,0.38
25946,0.61
25951,0.72
25959,0.55
25961,0.51
25964,0.35
25969,0.42
25980,0.29
25986,0.32
25992,0.29
25998,0.3
26000,0.29
26006,0.47
26009,0.29
26016,0.62
26023,0.92
26038,0.79
26041,0.28
26050,0.35
26051,0.98
26057,0.64
26060,0.14
26062,0.36
26067,0.93
26068,0.46
26072,0.52
26074,0.9
26075,0.27
26081,0.54
26108,0.49
26112,0.96
26113,0.24
26115,0.55
26122,0.45
26139,0.31
26162,0.4
26165,0.49
26173,0.25
26177,0.2
26179,0.32
26184,0.28
26190,0.38
26204,0.49
26205,0.0
26212,0.8
26215,0.24
26227,0.85
26232,0.59
26237,0.5
26246,0.69
26248,0.57
26249,0.51
26260,0.49
26263,0.39
26267,0.87
26269,0.39
26271,0.69
26273,0.74
26286,0.41
26297,0.23
26309,0.5
26313,0.34
26319,0.39
26329,0.49
26330,0.71
26333,0.54
26361,0.79
26366,0.62
26376,0.96
26378,0.68
26382,0.44
26389,0.18
26391,0.35
26401,0.87
26415,0.32
26419,0.71
26421,0.98
26422,0.26
26423,0.69
26424,0.38
26441,0.88
26442,0.32
26446,0.67
26447,0.41
26448,0.44
26451,0.51
26459,0.27
26465,0.17
26476,0.16
26481,0.31
26487,0.97
26501,0.32
26513,0.78
26517,0.3
26527,0.69
26534,0.85
26535,0.98
26545,0.3
26550,0.23
26558,0.28
26571,0.76
26573,0.21
26575,0.46
26578,0.05
26583,0.73
26590,0.44
26593,0.78
26602,0.27
26606,0.83
26613,0.77
26615,0.33
26618,0.3
26628,0.95
26630,0.54
26635,0.43
26645,0.35
26648,0.22
26651,0.36
26660,0.2
26663,0.65
26664,0.88
26665,0.4
26673,0.72
26675,0.45
26676,0.28
26677,0.29
26679,0.15
26687,0.13
26689,0.36
26697,0.33
26737,0.88
26747,0.88
26748,0.42
26749,0.34
26754,0.87
26759,0.26
26760,0.61
26765,0.27
26769,0.2
26771,0.35
26776,0.31
26778,0.23
26780,0.44
26783,0.15
26785,0.38
26800,0.37
26804,0.34
26812,0.37
26816,0.27
26823,0.72
26834,0.39
26836,0.63
26841,0.52
26845,0.31
26849,0.28
26854,0.73
26858,0.54
26860,0.23
26866,0.27
26871,0.24
26873,0.47
26905,0.41
26907,0.42
26920,0.62
26924,0.21
26930,0.11
26942,0.45
26944,0.52
26949,0.4
26952,0.99
26956,0.25
26973,0.23
26977,0.37
26993,0.69
26997,0.32
26999,0.61
27021,0.43
27023,0.33
27025,0.05
27027,0.47
27032,0.82
27034,0.08
27036,0.45
27045,0.4
27050,0.27
27051,0.73
27055,0.41
27056,0.49
27060,0.38
27061,0.82
27066,0.73
27070,0.32
27073,0.39
27077,0.71
27085,0.54
27086,0.37
27099,0.2
27105,0.25
27109,0.57
27125,0.35
27135,0.5
27139,0.58
27140,0.98
27141,0.42
27142,0.4
27144,0.24
27148,0.43
27154,0.34
27162,0.77
27175,0.54
27176,0.56
27178,0.65
27197,0.67
27204,0.5
27205,0.42
27206,0.28
27207,0.23
27216,0.37
27230,0.29
27234,0.33
27241,0.33
27249,0.99
27251,0.22
27252,0.64
27256,0.81
27257,0.65
27263,0.29
27268,0.42
27269,0.24
27276,0.35
27279,0.84
27288,0.77
27295,0.18
27299,0.37
27302,0.75
27304,0.23
27316,0.42
27318,0.22
27330,0.29
27333,0.39
27335,0.69
27339,0.23
27341,0.51
27342,0.43
27345,0.45
27347,0.58
27354,0.65
27361,0.39
27375,0.73
27387,0.87
27390,0.66
27392,0.96
27399,0.19
27403,0.36
27410,0.5
27423,0.32
27429,0.16
27432,0.55
27436,0.43
27437,0.67
27441,0.69
27444,0.78
27445,0.19
27448,0.59
27454,0.43
27459,0.54
27465,0.3
27478,0.99
27479,0.39
27481,0.85
27483,0.53
27486,0.39
27498,0.35
27505,0.64
27507,0.31
27509,0.19
27514,0.33
27527,0.92
27535,0.36
27544,0.29
27545,0.33
27556,0.26
27563,0.38
27569,0.46
27585,0.56
27589,0.3
27605,0.31
27608,0.87
27609,0.22
27611,0.52
27621,0.59
27626,0.67
27629,0.39
27645,0.94
27651,0.31
27654,0.33
27656,0.75
27663,0.77
27673,0.36
27677,0.31
27678,0.27
27680,0.36
27681,0.56
27684,0.24
27688,0.21
27706,0.37
27709,0.48
27720,0.44
27722,0.39
27733,0.61
27734,0.59
27739,0.58
27746,0.33
27751,0.78
27755,0.37
27777,0.66
27783,0.15
27795,0.42
27805,0.39
27811,0.42
27815,0.32
27823,0.33
27856,0.3
27873,0.41
27883,0.3
27885,0.8
27887,0.8
27899,0.71
27921,0.42
27924,0.45
27927,0.39
27929,0.28
27932,0.44
27943,0.6
27945,0.6
27952,0.37
27957,0.88
27960,0.31
27966,0.35
27968,0.84
27980,0.75
27984,0.43
27994,0.42
27995,0.51
28002,0.67
28004,0.66
28006,0.34
28028,0.73
28042,0.88
28043,0.25
28055,0.61
28061,0.39
28063,0.54
28077,0.41
28090,0.79
28093,0.28
28095,0.34
28096,0.76
28098,0.92
28099,0.38
28111,0.35
28115,0.32
28123,0.28
28125,0.43
28126,0.91
28129,0.93
28131,0.37
28139,0.28
28146,0.38
28153,0.69
28155,0.23
28160,0.66
28166,0.32
28167,0.87
28176,0.76
28185,0.38
28187,0.88
28195,0.9
28203,0.38
28206,0.59
28209,0.29
28210,0.25
28211,0.48
28216,0.36
28234,0.45
28235,0.88
28248,0.41
28255,0.37
28266,0.37
28277,0.26
28286,0.47
28288,0.35
28289,0.41
28290,0.34
28296,0.36
28300,0.82
28306,0.31
28307,0.37
28309,0.43
28327,0.51
28336,0.32
28345,0.24
28355,0.42
28361,0.27
28362,0.3
28374,0.39
28380,0.59
28381,0.39
28393,0.26
28394,0.43
28405,0.44
28413,0.27
28426,0.69
28428,0.79
28429,0.79
28442,0.41
28445,0.31
28457,0.81
28459,0.7
28462,0.61
28478,0.11
28490,0.46
28492,0.27
28499,0.36
28500,0.3
28506,0.81
28509,0.25
28513,0.35
28516,0.4
28519,0.95
28526,0.23
28527,0.11
28528,0.63
28533,0.43
28547,0.46
28551,0.42
28563,0.51
28566,0.5
28568,0.27
28580,0.43
28589,0.4
28590,0.72
28606,0.69
28613,0.37
28615,0.27
28619,0.38
28629,0.55
28633,0.38
28635,0.68
28646,0.43
28648,0.6
28651,0.41
28660,0.79
28681,0.4
28693,0.72
28696,0.4
28703,0.64
28709,0.4
28712,0.78
28718,0.31
28719,0.35
28727,0.18
28730,0.84
28732,0.84
28740,0.3
28747,0.35
28752,0.58
28757,0.41
28764,0.51
28765,0.64
28770,0.76
28772,0.76
28783,0.39
28786,0.41
28796,0.41
28799,0.81
28806,0.78
28807,0.33
28815,0.52
28818,0.29
28823,0.41
28824,0.36
28831,0.91
28834,0.46
28841,0.27
28848,0.54
28882,0.5
28884,0.28
28904,0.3
28907,0.29
28919,0.36
28920,0.69
28928,0.19
28935,0.12
28936,0.36
28945,0.35
28950,0.9
28957,0.49
28963,0.33
28974,0.32
28980,0.37
28988,0.72
28999,0.34
29001,0.67
29004,0.17
29006,0.25
29012,0.23
29018,0.2
29027,0.28
29030,0.14
29032,0.31
29039,0.39
29043,0.41
29056,0.78
29064,0.58
29068,0.42
29069,0.39
29074,0.23
29076,0.33
29085,0.4
29088,0.5
29091,0.41
29092,0.71
29093,0.39
29094,0.69
29108,0.55
29114,0.29
29115,0.18
29118,0.18
29125,0.36
29127,0.81
29150,0.17
29152,0.28
29155,0.72
29165,0.41
29167,0.36
29174,0.41
29180,0.37
29185,0.41
29190,0.32
29192,0.94
29194,0.34
29220,0.51
29231,0.66
29237,0.71
29240,0.55
29247,0.56
29256,0.35
29275,0.47
29278,0.52
29280,0.63
29286,0.49
29288,0.79
29305,0.69
29327,0.39
29329,0.63
29333,0.41
29335,0.38
29342,0.87
29344,0.28
29353,0.25
29358,0.33
29373,0.35
29392,0.31
29393,0.7
29395,0.98
29403,0.56
29405,0.66
29410,0.39
29423,0.43
29427,0.81
29429,0.38
29432,0.21
29440,0.8
29447,0.34
29448,0.25
29452,0.79
29455,0.38
29461,0.26
29466,0.28
29474,0.5
29476,0.42
29486,0.53
29494,0.44
29497,0.62
29505,0.27
29511,0.5
29516,0.4
29522,0.58
29523,0.18
29524,0.16
29529,0.2
29533,0.26
29535,0.38
29548,0.23
29551,0.28
29563,0.22
29574,0.36
29575,0.39
29592,0.4
29599,0.53
29608,0.32
29613,0.43
29620,0.41
29630,0.8
29637,0.36
29638,0.22
29643,0.42
29648,0.22
29657,0.24
29659,0.23
29662,0.44
29665,0.42
29699,0.66
29706,0.67
29715,0.57
29716,0.42
29717,0.38
29721,0.58
29731,0.39
29735,0.22
29739,0.41
29742,0.69
29747,0.71
29749,0.52
29754,0.89
29773,0.44
29777,0.62
29779,0.19
29783,0.3
29786,0.35
29805,0.66
29811,0.5
29812,0.49
29815,0.38
29819,0.23
29833,0.25
29847,0.45
29854,0.48
29856,0.29
29859,0.43
29864,0.36
29865,0.34
29867,0.22
29885,0.55
29894,0.47
29900,0.4
29910,0.78
29928,0.27
29942,0.32
29951,0.32
29953,0.49
29962,0.42
29968,0.23
29974,0.77
29980,0.57
29987,0.26
29993,0.48
30001,0.83
30005,0.57
30015,0.34
30034,0.29
30041,0.4
30044,0.46
30058,0.28
30061,0.2
30064,0.12
30065,0.33
30069,0.23
30074,0.3
30076,0.33
30080,0.21
30086,0.55
30087,0.33
30092,0.36
30093,0.56
30096,0.52
30097,0.38
30098,0.42
30102,0.31
30106,0.48
30110,0.56
30111,0.86
30122,0.27
30128,0.42
30130,0.61
30131,0.37
30132,0.33
30135,0.43
30137,0.65
30157,0.51
30158,0.64
30162,0.48
30170,0.71
30174,0.62
30195,0.31
30196,0.46
30204,0.34
30207,0.89
30209,0.53
30212,0.46
30221,0.44
30225,0.4
30229,0.49
30231,0.74
30233,0.48
30237,0.5
30239,0.37
30242,0.23
30244,0.28
30249,0.48
30262,0.32
30286,0.43
30292,0.52
30303,0.26
30320,0.38
30322,0.35
30355,0.36
30356,0.3
30372,0.45
30375,0.18
30379,0.55
30384,0.48
30386,0.4
30394,0.51
30395,0.38
30396,0.23
30397,0.44
30402,0.45
30413,0.34
30416,0.5
30420,0.44
30422,0.63
30432,0.28
30434,0.52
30438,0.42
30444,0.29
30446,0.68
30455,0.4
30457,0.34
30459,0.53
30463,0.4
30468,0.47
30477,0.25
30478,0.46
30481,0.55
30482,0.36
30487,0.36
30491,0.44
30496,0.57
30501,0.28
30506,0.34
30511,0.33
30513,0.41
30516,0.25
30520,0.4
30531,0.5
30542,0.84
30555,0.43
30557,0.48
30568,0.37
30570,0.84
30584,0.45
30594,0.57
30614,0.4
30617,0.56
30618,0.5
30631,0.29
30632,0.33
30634,0.51
30636,0.42
30637,0.51
30639,0.43
30647,0.54
30649,0.54
30656,0.37
30660,0.42
30665,0.35
30669,0.49
30681,0.45
30683,0.46
30687,0.62
30694,0.64
